movieId,title,year,genres,poster_path
619,,,,
33826,,,,
1298,,,,
140289,,,,
3064,,,,
27826,,,,
1950,,,,
27802,,,,
7149,,,,
39234,,,,
6678,,,,
5313,,,,
7205,,,,
573,,,,
5849,,,,
5619,,,,
4133,,,,
179,,,,
5364,,,,
912,,,,
150548,,,,
105540,,,,
2333,,,,
7010,,,,
6405,,,,
3833,,,,
107141,,,,
4610,,,,
3857,,,,
26133,,,,
161634,,,,
51086,,,,
4975,,,,
27604,,,,
3019,,,,
56788,,,,
8984,,,,
161354,,,,
66198,,,,
58105,,,,
73344,,,,
113,,,,
133879,,,,
5268,,,,
3700,,,,
6618,,,,
6873,,,,
93740,,,,
30793,,,,
139644,,,,
45503,,,,
1990,,,,
2969,,,,
2339,,,,
25757,,,,
31123,,,,
4205,,,,
4032,,,,
25996,,,,
139642,,,,
160954,,,,
149350,,,,
2818,,,,
97860,,,,
62299,,,,
5293,,,,
8373,,,,
76743,,,,
1601,,,,
129657,,,,
60074,,,,
65685,,,,
90719,,,,
3663,,,,
4326,,,,
74727,,,,
3512,,,,
5704,,,,
62293,,,,
1054,,,,
6429,,,,
38198,,,,
8638,,,,
5416,,,,
45720,,,,
1652,,,,
96471,,,,
8778,,,,
649,,,,
141422,,,,
27,,,,
6990,,,,
5643,,,,
1956,,,,
3451,,,,
1739,,,,
44613,,,,
109971,,,,
5915,,,,
1621,,,,
3410,,,,
984,,,,
501,,,,
5956,,,,
4809,,,,
3809,,,,
81018,,,,
5836,,,,
26900,,,,
6417,,,,
5932,,,,
109383,,,,
3629,,,,
368,,,,
1351,,,,
93270,,,,
149830,,,,
3338,,,,
96448,,,,
3827,,,,
2485,,,,
5537,,,,
101973,,,,
65882,,,,
720,,,,
4063,,,,
6051,,,,
54736,,,,
105037,,,,
8641,,,,
4581,,,,
3007,,,,
6689,,,,
43912,,,,
6577,,,,
70728,,,,
3884,,,,
116411,,,,
3948,,,,
2541,,,,
26322,,,,
62374,,,,
6880,,,,
7292,,,,
1771,,,,
148,,,,
3262,,,,
111844,,,,
2104,,,,
27006,,,,
118198,,,,
8327,,,,
31545,,,,
2889,,,,
105351,,,,
108932,,,,
703,,,,
9010,,,,
1927,,,,
632,,,,
8773,,,,
2481,,,,
5222,,,,
3374,,,,
7037,,,,
2420,,,,
6125,,,,
3928,,,,
57,,,,
96007,,,,
8370,,,,
536,,,,
3515,,,,
7346,,,,
69394,,,,
107723,,,,
82461,,,,
2470,,,,
158238,,,,
1140,,,,
70183,,,,
118572,,,,
6950,,,,
4963,,,,
33672,,,,
220,,,,
5941,,,,
265,,,,
8362,,,,
3679,,,,
134861,,,,
142509,,,,
63062,,,,
538,,,,
2529,,,,
119655,,,,
2012,,,,
103685,,,,
263,,,,
1475,,,,
67197,,,,
58806,,,,
2935,,,,
128620,,,,
5452,,,,
4240,,,,
136786,,,,
2857,,,,
76093,,,,
30803,,,,
55261,,,,
3446,,,,
95949,,,,
3045,,,,
7085,,,,
185,,,,
7177,,,,
76738,,,,
3849,,,,
36509,,,,
5421,,,,
71668,,,,
71033,,,,
88448,,,,
79259,,,,
66320,,,,
33679,,,,
49280,,,,
3147,,,,
5093,,,,
8916,,,,
8043,,,,
60293,,,,
8918,,,,
6222,,,,
5419,,,,
7251,,,,
1116,,,,
75985,,,,
118530,,,,
118924,,,,
109673,,,,
26712,,,,
993,,,,
3538,,,,
7266,,,,
5699,,,,
44004,,,,
5493,,,,
50442,,,,
2740,,,,
5747,,,,
3758,,,,
115617,,,,
128366,,,,
3412,,,,
30810,,,,
4265,,,,
6776,,,,
81132,,,,
1674,,,,
81383,,,,
4475,,,,
132800,,,,
987,,,,
61319,,,,
8454,,,,
6777,,,,
56156,,,,
32515,,,,
100487,,,,
919,,,,
4520,,,,
141513,,,,
6324,,,,
678,,,,
3072,,,,
104908,,,,
4237,,,,
69904,,,,
38294,,,,
1359,,,,
3942,,,,
2408,,,,
4260,,,,
476,,,,
1821,,,,
7125,,,,
65982,,,,
97757,,,,
114554,,,,
3014,,,,
2122,,,,
1933,,,,
73569,,,,
2314,,,,
102903,,,,
3507,,,,
7720,,,,
134393,,,,
1105,,,,
5668,,,,
5458,,,,
127319,,,,
115727,,,,
2352,,,,
27008,,,,
6341,,,,
151777,,,,
42725,,,,
68159,,,,
434,,,,
4171,,,,
91978,,,,
1807,,,,
4738,,,,
111921,,,,
1836,,,,
1406,,,,
143559,,,,
2411,,,,
1837,,,,
7064,,,,
2517,,,,
68536,,,,
688,,,,
47254,,,,
157108,,,,
71248,,,,
1611,,,,
5768,,,,
6571,,,,
7701,,,,
115065,,,,
6710,,,,
4818,,,,
164540,,,,
114601,,,,
27741,,,,
3003,,,,
51037,,,,
7394,,,,
6899,,,,
47122,,,,
5379,,,,
25834,,,,
2353,,,,
118834,,,,
269,,,,
73015,,,,
5840,,,,
95717,,,,
34321,,,,
3362,,,,
6593,,,,
3912,,,,
50514,,,,
4007,,,,
3071,,,,
69251,,,,
55820,,,,
2044,,,,
252,,,,
131578,,,,
3004,,,,
86237,,,,
105468,,,,
27716,,,,
5742,,,,
2459,,,,
6464,,,,
1614,,,,
3882,,,,
3933,,,,
80551,,,,
114670,,,,
124853,,,,
32294,,,,
1476,,,,
128908,,,,
3914,,,,
42728,,,,
84152,,,,
133419,,,,
4711,,,,
48043,,,,
4397,,,,
3737,,,,
133798,,,,
954,,,,
117881,,,,
26444,,,,
1562,,,,
5459,,,,
56012,,,,
2432,,,,
85394,,,,
5771,,,,
81845,,,,
62586,,,,
86377,,,,
82857,,,,
8966,,,,
1426,,,,
650,,,,
54354,,,,
5938,,,,
81784,,,,
26184,,,,
4580,,,,
56563,,,,
84942,,,,
53921,,,,
27032,,,,
3763,,,,
4683,,,,
61394,,,,
80880,,,,
781,,,,
1458,,,,
4407,,,,
4626,,,,
1237,,,,
46948,,,,
3440,,,,
788,,,,
95558,,,,
116505,,,,
1030,,,,
7075,,,,
1417,,,,
5812,,,,
25952,,,,
99638,,,,
4440,,,,
6614,,,,
2926,,,,
1533,,,,
100163,,,,
4883,,,,
51080,,,,
106920,,,,
546,,,,
1839,,,,
8974,,,,
104218,,,,
91337,,,,
34153,,,,
7245,,,,
5543,,,,
113829,,,,
3474,,,,
5278,,,,
95313,,,,
104419,,,,
6116,,,,
68952,,,,
5785,,,,
8711,,,,
6290,,,,
1948,,,,
116897,,,,
3915,,,,
160400,,,,
548,,,,
161127,,,,
3863,,,,
48698,,,,
67997,,,,
616,,,,
942,,,,
147380,,,,
256,,,,
136564,,,,
2566,,,,
387,,,,
26539,,,,
62394,,,,
74508,,,,
108949,,,,
27329,,,,
3173,,,,
60487,,,,
5876,,,,
42602,,,,
2633,,,,
93982,,,,
7142,,,,
44731,,,,
3852,,,,
132618,,,,
2607,,,,
1199,,,,
59258,,,,
3043,,,,
33493,,,,
54503,,,,
115664,,,,
61729,,,,
128902,,,,
106696,,,,
28,,,,
6016,,,,
48678,,,,
3581,,,,
103137,,,,
4390,,,,
31225,,,,
73929,,,,
337,,,,
5528,,,,
26649,,,,
7193,,,,
836,,,,
1875,,,,
164367,,,,
58404,,,,
55276,,,,
7620,,,,
5454,,,,
899,,,,
497,,,,
8796,,,,
99030,,,,
4248,,,,
2014,,,,
1064,,,,
2501,,,,
4976,,,,
5752,,,,
2572,,,,
4459,,,,
4830,,,,
79139,,,,
2154,,,,
1573,,,,
1884,,,,
101283,,,,
109569,,,,
7381,,,,
798,,,,
6040,,,,
2245,,,,
2806,,,,
90471,,,,
97904,,,,
45062,,,,
47566,,,,
95,,,,
55729,,,,
3030,,,,
3862,,,,
5696,,,,
6566,,,,
480,,,,
5574,,,,
3634,,,,
71462,,,,
1866,,,,
335,,,,
3531,,,,
2034,,,,
67087,,,,
2180,,,,
26365,,,,
94985,,,,
2100,,,,
8965,,,,
111551,,,,
45028,,,,
2502,,,,
6266,,,,
5881,,,,
4893,,,,
114074,,,,
54648,,,,
107449,,,,
3999,,,,
145951,,,,
6812,,,,
429,,,,
7773,,,,
3454,,,,
1804,,,,
48342,,,,
5347,,,,
6244,,,,
2382,,,,
4290,,,,
46105,,,,
7328,,,,
61123,,,,
116985,,,,
62956,,,,
3826,,,,
27816,,,,
3877,,,,
1119,,,,
7345,,,,
66915,,,,
4956,,,,
65738,,,,
49284,,,,
141846,,,,
93512,,,,
36517,,,,
93831,,,,
53464,,,,
364,,,,
2706,,,,
1687,,,,
1066,,,,
4224,,,,
86320,,,,
146986,,,,
534,,,,
4067,,,,
81782,,,,
2901,,,,
128,,,,
50354,,,,
1399,,,,
140110,,,,
7352,,,,
134847,,,,
8665,,,,
26612,,,,
52287,,,,
6482,,,,
1544,,,,
4408,,,,
6722,,,,
7265,,,,
1973,,,,
2702,,,,
88697,,,,
54281,,,,
53808,,,,
3997,,,,
27772,,,,
159069,,,,
115713,,,,
47124,,,,
7060,,,,
6202,,,,
156781,,,,
4015,,,,
5503,,,,
156605,,,,
1639,,,,
2043,,,,
3066,,,,
135787,,,,
1974,,,,
77846,,,,
98230,,,,
7155,,,,
1100,,,,
3150,,,,
4630,,,,
99532,,,,
105720,,,,
140715,,,,
145491,,,,
515,,,,
8532,,,,
2303,,,,
2551,,,,
26729,,,,
382,,,,
96417,,,,
32460,,,,
113280,,,,
88672,,,,
35015,,,,
96964,,,,
725,,,,
4573,,,,
1941,,,,
4920,,,,
38,,,,
101070,,,,
29,,,,
56060,,,,
2886,,,,
7263,,,,
1186,,,,
4497,,,,
147662,,,,
4802,,,,
70336,,,,
99191,,,,
64716,,,,
2979,,,,
97194,,,,
4815,,,,
5178,,,,
491,,,,
152063,,,,
58299,,,,
495,,,,
210,,,,
100068,,,,
259,,,,
110130,,,,
2289,,,,
119141,,,,
107462,,,,
3414,,,,
6402,,,,
6671,,,,
2898,,,,
48872,,,,
51694,,,,
104457,,,,
2748,,,,
101072,,,,
1461,,,,
1175,,,,
80590,,,,
104129,,,,
6707,,,,
710,,,,
122490,,,,
94735,,,,
75813,,,,
7259,,,,
1608,,,,
6303,,,,
6604,,,,
100397,,,,
2294,,,,
1527,,,,
3056,,,,
314,,,,
203,,,,
136859,,,,
60885,,,,
78893,,,,
96281,,,,
89492,,,,
5764,,,,
47491,,,,
2102,,,,
2380,,,,
144478,,,,
86882,,,,
1202,,,,
72921,,,,
7222,,,,
8866,,,,
2764,,,,
27595,,,,
53024,,,,
5385,,,,
6197,,,,
82366,,,,
32589,,,,
91671,,,,
43908,,,,
69304,,,,
5353,,,,
1449,,,,
3543,,,,
6122,,,,
60030,,,,
44937,,,,
56145,,,,
30816,,,,
4252,,,,
6331,,,,
58107,,,,
57522,,,,
2870,,,,
95508,,,,
49286,,,,
88699,,,,
3461,,,,
5131,,,,
55110,,,,
4180,,,,
6624,,,,
345,,,,
27251,,,,
42946,,,,
4164,,,,
47629,,,,
5380,,,,
671,,,,
52712,,,,
5968,,,,
1959,,,,
85780,,,,
432,,,,
2483,,,,
25923,,,,
2436,,,,
2212,,,,
100882,,,,
5384,,,,
159193,,,,
2971,,,,
39381,,,,
6241,,,,
2815,,,,
148592,,,,
32019,,,,
92665,,,,
581,,,,
489,,,,
33801,,,,
7018,,,,
2074,,,,
46970,,,,
4011,,,,
114066,,,,
134246,,,,
886,,,,
85259,,,,
40946,,,,
8799,,,,
4593,,,,
39231,,,,
83086,,,,
115819,,,,
1589,,,,
108190,,,,
79501,,,,
2490,,,,
4537,,,,
50658,,,,
3005,,,,
49772,,,,
484,,,,
587,,,,
89085,,,,
4489,,,,
3508,,,,
85367,,,,
588,,,,
91079,,,,
3192,,,,
49130,,,,
4448,,,,
2717,,,,
786,,,,
2826,,,,
6523,,,,
41997,,,,
100159,,,,
2371,,,,
5816,,,,
8917,,,,
6932,,,,
1042,,,,
59129,,,,
3786,,,,
69757,,,,
142602,,,,
114028,,,,
354,,,,
25946,,,,
976,,,,
4887,,,,
1033,,,,
3299,,,,
31162,,,,
143245,,,,
3438,,,,
7708,,,,
2733,,,,
49276,,,,
50740,,,,
299,,,,
46967,,,,
45730,,,,
136012,,,,
436,,,,
31086,,,,
1722,,,,
2537,,,,
7840,,,,
745,,,,
5466,,,,
49,,,,
108156,,,,
5667,,,,
2525,,,,
2516,,,,
109187,,,,
5612,,,,
2577,,,,
4619,,,,
86355,,,,
3194,,,,
48032,,,,
2611,,,,
103883,,,,
64501,,,,
69604,,,,
6225,,,,
7311,,,,
81087,,,,
1996,,,,
4533,,,,
33681,,,,
127390,,,,
42730,,,,
5787,,,,
6718,,,,
62208,,,,
7649,,,,
5629,,,,
32371,,,,
44828,,,,
80862,,,,
5733,,,,
136666,,,,
145150,,,,
2617,,,,
6686,,,,
2793,,,,
2024,,,,
82854,,,,
202,,,,
9004,,,,
55294,,,,
3694,,,,
129011,,,,
43289,,,,
5880,,,,
159690,,,,
60389,,,,
6889,,,,
146688,,,,
110350,,,,
7900,,,,
122892,,,,
5818,,,,
1685,,,,
3716,,,,
88094,,,,
5425,,,,
4749,,,,
367,,,,
3096,,,,
53519,,,,
5772,,,,
2972,,,,
93980,,,,
1137,,,,
86142,,,,
68835,,,,
110669,,,,
427,,,,
34397,,,,
8605,,,,
87869,,,,
26791,,,,
141816,,,,
110611,,,,
3134,,,,
4339,,,,
130686,,,,
58655,,,,
103543,,,,
53447,,,,
1946,,,,
547,,,,
867,,,,
6181,,,,
4002,,,,
1459,,,,
73106,,,,
148166,,,,
68480,,,,
5614,,,,
100498,,,,
3572,,,,
5610,,,,
320,,,,
49910,,,,
93326,,,,
56379,,,,
122260,,,,
4748,,,,
81791,,,,
32657,,,,
7834,,,,
109897,,,,
78467,,,,
6349,,,,
96935,,,,
216,,,,
55391,,,,
56801,,,,
3108,,,,
663,,,,
1916,,,,
1895,,,,
339,,,,
65126,,,,
2761,,,,
79536,,,,
2964,,,,
3397,,,,
33781,,,,
134528,,,,
99437,,,,
4577,,,,
3447,,,,
1479,,,,
33903,,,,
362,,,,
1876,,,,
5741,,,,
103483,,,,
76060,,,,
1206,,,,
45928,,,,
5564,,,,
6586,,,,
101612,,,,
7023,,,,
117572,,,,
103048,,,,
1225,,,,
55269,,,,
16,,,,
171,,,,
1537,,,,
132496,,,,
7093,,,,
2494,,,,
3317,,,,
164647,,,,
1574,,,,
67255,,,,
7936,,,,
1551,,,,
2899,,,,
104837,,,,
86721,,,,
2471,,,,
83270,,,,
62437,,,,
40148,,,,
95858,,,,
115569,,,,
102088,,,,
8813,,,,
445,,,,
78620,,,,
1344,,,,
80615,,,,
138966,,,,
1231,,,,
78703,,,,
4782,,,,
2765,,,,
48,,,,
5540,,,,
39307,,,,
6367,,,,
3974,,,,
5597,,,,
1584,,,,
119155,,,,
5989,,,,
4152,,,,
6338,,,,
7832,,,,
96655,,,,
123553,,,,
4307,,,,
48883,,,,
1270,,,,
155743,,,,
8831,,,,
3813,,,,
7335,,,,
31867,,,,
118985,,,,
79299,,,,
7294,,,,
82053,,,,
4977,,,,
95965,,,,
2738,,,,
5670,,,,
90376,,,,
83,,,,
3103,,,,
37444,,,,
493,,,,
8494,,,,
130490,,,,
90249,,,,
1025,,,,
4115,,,,
1278,,,,
3945,,,,
126577,,,,
2401,,,,
2789,,,,
132488,,,,
30820,,,,
1848,,,,
87298,,,,
33646,,,,
27744,,,,
91126,,,,
115151,,,,
2151,,,,
2688,,,,
5927,,,,
4388,,,,
151,,,,
41571,,,,
70599,,,,
69275,,,,
4524,,,,
743,,,,
2820,,,,
58627,,,,
34048,,,,
117133,,,,
5767,,,,
4568,,,,
52975,,,,
8810,,,,
1057,,,,
7139,,,,
95165,,,,
27020,,,,
130444,,,,
41527,,,,
128736,,,,
1626,,,,
84716,,,,
48598,,,,
7169,,,,
7619,,,,
4344,,,,
148775,,,,
3977,,,,
4256,,,,
141668,,,,
2211,,,,
2622,,,,
3179,,,,
517,,,,
86347,,,,
95475,,,,
98585,,,,
485,,,,
103245,,,,
3807,,,,
72714,,,,
1303,,,,
6059,,,,
3213,,,,
69654,,,,
8241,,,,
97172,,,,
2119,,,,
7316,,,,
2931,,,,
34811,,,,
26700,,,,
6159,,,,
994,,,,
3031,,,,
48322,,,,
140301,,,,
1056,,,,
116718,,,,
3258,,,,
90384,,,,
31851,,,,
3186,,,,
1393,,,,
45431,,,,
6183,,,,
105835,,,,
2784,,,,
51540,,,,
61465,,,,
68205,,,,
100737,,,,
113573,,,,
1305,,,,
45501,,,,
79572,,,,
7810,,,,
1932,,,,
94777,,,,
87444,,,,
61026,,,,
26838,,,,
84374,,,,
1683,,,,
8369,,,,
4903,,,,
6979,,,,
112454,,,,
46855,,,,
3769,,,,
726,,,,
7569,,,,
48319,,,,
73804,,,,
80094,,,,
34520,,,,
2700,,,,
60818,,,,
893,,,,
26052,,,,
58839,,,,
118888,,,,
3244,,,,
33435,,,,
1193,,,,
2153,,,,
43556,,,,
69224,,,,
5325,,,,
163134,,,,
71453,,,,
5582,,,,
1187,,,,
43936,,,,
70305,,,,
53435,,,,
54999,,,,
92422,,,,
3741,,,,
719,,,,
5529,,,,
78746,,,,
45221,,,,
32862,,,,
6283,,,,
5291,,,,
102070,,,,
99750,,,,
2902,,,,
4974,,,,
57951,,,,
50356,,,,
27473,,,,
83132,,,,
102,,,,
27478,,,,
40966,,,,
71466,,,,
82095,,,,
2813,,,,
42009,,,,
55253,,,,
7792,,,,
48560,,,,
4340,,,,
42285,,,,
8459,,,,
103210,,,,
6898,,,,
799,,,,
140525,,,,
7247,,,,
89837,,,,
160978,,,,
1684,,,,
100556,,,,
91355,,,,
6169,,,,
7357,,,,
3181,,,,
8238,,,,
27882,,,,
103384,,,,
1583,,,,
32770,,,,
27708,,,,
2624,,,,
6193,,,,
160571,,,,
1748,,,,
157312,,,,
87028,,,,
3738,,,,
1917,,,,
4562,,,,
215,,,,
8154,,,,
8972,,,,
132462,,,,
40959,,,,
40491,,,,
116419,,,,
6786,,,,
86644,,,,
3554,,,,
119153,,,,
86290,,,,
2600,,,,
137595,,,,
4278,,,,
92681,,,,
157122,,,,
96114,,,,
4449,,,,
78034,,,,
130050,,,,
8880,,,,
53956,,,,
1366,,,,
5801,,,,
313,,,,
2720,,,,
7373,,,,
7705,,,,
1411,,,,
164375,,,,
8372,,,,
48593,,,,
6315,,,,
55118,,,,
77427,,,,
89118,,,,
8835,,,,
51091,,,,
4745,,,,
59014,,,,
5515,,,,
2346,,,,
952,,,,
3418,,,,
152372,,,,
32289,,,,
3564,,,,
94959,,,,
33166,,,,
4187,,,,
1827,,,,
44022,,,,
2032,,,,
42015,,,,
7984,,,,
5300,,,,
64839,,,,
143472,,,,
8827,,,,
62439,,,,
2457,,,,
3243,,,,
6962,,,,
95182,,,,
8712,,,,
170,,,,
26974,,,,
7615,,,,
1457,,,,
2354,,,,
575,,,,
90345,,,,
1151,,,,
941,,,,
3747,,,,
1183,,,,
160872,,,,
46335,,,,
128520,,,,
2052,,,,
8943,,,,
100906,,,,
100527,,,,
8870,,,,
6070,,,,
4211,,,,
53138,,,,
5596,,,,
8495,,,,
379,,,,
152065,,,,
102007,,,,
3998,,,,
8879,,,,
75446,,,,
4744,,,,
149508,,,,
4873,,,,
3754,,,,
135534,,,,
95497,,,,
349,,,,
5490,,,,
391,,,,
1086,,,,
6620,,,,
45728,,,,
5072,,,,
102066,,,,
102058,,,,
2732,,,,
79,,,,
56286,,,,
34129,,,,
2241,,,,
32554,,,,
43376,,,,
7982,,,,
1968,,,,
118326,,,,
2280,,,,
3869,,,,
2112,,,,
4322,,,,
2176,,,,
69495,,,,
2500,,,,
117466,,,,
90343,,,,
1117,,,,
27660,,,,
32584,,,,
50954,,,,
218,,,,
5283,,,,
2431,,,,
90888,,,,
72226,,,,
1643,,,,
27441,,,,
5502,,,,
511,,,,
1111,,,,
95873,,,,
3253,,,,
4166,,,,
108945,,,,
1727,,,,
7156,,,,
4690,,,,
103984,,,,
62834,,,,
58291,,,,
1018,,,,
2867,,,,
155358,,,,
8534,,,,
56775,,,,
103539,,,,
4291,,,,
51412,,,,
4313,,,,
107159,,,,
1718,,,,
6807,,,,
32598,,,,
59731,,,,
5883,,,,
91935,,,,
5590,,,,
105355,,,,
142056,,,,
7293,,,,
66240,,,,
80906,,,,
133780,,,,
809,,,,
113374,,,,
5947,,,,
7888,,,,
1407,,,,
1132,,,,
1201,,,,
224,,,,
6578,,,,
2574,,,,
7713,,,,
6330,,,,
106927,,,,
2718,,,,
64969,,,,
53000,,,,
6961,,,,
3713,,,,
94150,,,,
1004,,,,
96518,,,,
1422,,,,
57499,,,,
4219,,,,
64983,,,,
5324,,,,
1179,,,,
3552,,,,
7789,,,,
32582,,,,
83369,,,,
50160,,,,
72982,,,,
8964,,,,
56169,,,,
2927,,,,
31410,,,,
1677,,,,
1276,,,,
32022,,,,
7045,,,,
6448,,,,
4350,,,,
5455,,,,
150596,,,,
47465,,,,
1245,,,,
2469,,,,
111795,,,,
106062,,,,
3606,,,,
51545,,,,
1777,,,,
55577,,,,
26429,,,,
51471,,,,
27320,,,,
102984,,,,
4741,,,,
7073,,,,
3300,,,,
8425,,,,
47200,,,,
65225,,,,
72011,,,,
91890,,,,
2492,,,,
106144,,,,
697,,,,
1971,,,,
27373,,,,
87785,,,,
37720,,,,
100302,,,,
44761,,,,
5611,,,,
6427,,,,
4840,,,,
8954,,,,
1812,,,,
4409,,,,
39516,,,,
838,,,,
3889,,,,
2996,,,,
67361,,,,
4812,,,,
102338,,,,
6616,,,,
2138,,,,
80241,,,,
3453,,,,
27839,,,,
74532,,,,
1673,,,,
55207,,,,
4788,,,,
1218,,,,
3357,,,,
148626,,,,
195,,,,
6856,,,,
25797,,,,
5266,,,,
3353,,,,
3812,,,,
43871,,,,
26590,,,,
77841,,,,
6565,,,,
6584,,,,
1453,,,,
102720,,,,
340,,,,
2255,,,,
79592,,,,
128488,,,,
95105,,,,
59727,,,,
6760,,,,
92643,,,,
145935,,,,
2797,,,,
26344,,,,
50798,,,,
134881,,,,
2443,,,,
82041,,,,
97836,,,,
90524,,,,
762,,,,
27808,,,,
1419,,,,
56757,,,,
36525,,,,
127096,,,,
6631,,,,
189,,,,
237,,,,
56949,,,,
26764,,,,
7414,,,,
86293,,,,
3248,,,,
112006,,,,
91981,,,,
164917,,,,
44191,,,,
85438,,,,
40815,,,,
6201,,,,
4453,,,,
5710,,,,
88954,,,,
6268,,,,
6333,,,,
27002,,,,
5449,,,,
131796,,,,
7078,,,,
7319,,,,
68194,,,,
101360,,,,
5319,,,,
3534,,,,
8753,,,,
3105,,,,
93287,,,,
3720,,,,
74458,,,,
107069,,,,
112138,,,,
780,,,,
103865,,,,
3444,,,,
60,,,,
164707,,,,
2292,,,,
131480,,,,
8939,,,,
2018,,,,
1051,,,,
7481,,,,
55020,,,,
58842,,,,
1291,,,,
91542,,,,
4801,,,,
99721,,,,
255,,,,
8587,,,,
1717,,,,
6986,,,,
4961,,,,
47,,,,
44759,,,,
4889,,,,
2028,,,,
96726,,,,
4687,,,,
2515,,,,
143001,,,,
2593,,,,
7173,,,,
37729,,,,
882,,,,
57532,,,,
1194,,,,
32440,,,,
3568,,,,
4305,,,,
3865,,,,
89039,,,,
27706,,,,
3145,,,,
147372,,,,
2367,,,,
105746,,,,
27776,,,,
626,,,,
110102,,,,
111113,,,,
71579,,,,
30825,,,,
4197,,,,
129354,,,,
4634,,,,
30745,,,,
76143,,,,
109687,,,,
127184,,,,
27482,,,,
127152,,,,
1670,,,,
2798,,,,
49957,,,,
33162,,,,
127130,,,,
67695,,,,
88345,,,,
6550,,,,
4757,,,,
155509,,,,
5346,,,,
80363,,,,
8600,,,,
2165,,,,
149352,,,,
34534,,,,
33564,,,,
1425,,,,
92234,,,,
152970,,,,
59784,,,,
289,,,,
135436,,,,
32596,,,,
1080,,,,
9018,,,,
136598,,,,
97742,,,,
5999,,,,
7477,,,,
3598,,,,
6442,,,,
26606,,,,
27523,,,,
7387,,,,
49961,,,,
3484,,,,
69306,,,,
276,,,,
5673,,,,
140627,,,,
3989,,,,
9008,,,,
45074,,,,
1246,,,,
40962,,,,
74530,,,,
8045,,,,
51705,,,,
95067,,,,
4863,,,,
4564,,,,
91571,,,,
116169,,,,
5615,,,,
174,,,,
3041,,,,
2990,,,,
4959,,,,
2331,,,,
159858,,,,
137,,,,
152173,,,,
577,,,,
70293,,,,
940,,,,
60516,,,,
118270,,,,
118700,,,,
4147,,,,
159441,,,,
160080,,,,
44225,,,,
133195,,,,
8364,,,,
2196,,,,
103801,,,,
54780,,,,
3623,,,,
68319,,,,
61236,,,,
78959,,,,
3946,,,,
3584,,,,
92008,,,,
76251,,,,
91325,,,,
1341,,,,
163,,,,
52462,,,,
31909,,,,
3819,,,,
6503,,,,
7036,,,,
46572,,,,
69720,,,,
5523,,,,
158872,,,,
110281,,,,
56003,,,,
111622,,,,
122433,,,,
95201,,,,
4803,,,,
2905,,,,
8934,,,,
7930,,,,
37853,,,,
81788,,,,
114184,,,,
830,,,,
146730,,,,
119218,,,,
147,,,,
151557,,,,
4438,,,,
7581,,,,
32632,,,,
161,,,,
76301,,,,
163985,,,,
3425,,,,
70,,,,
26413,,,,
3284,,,,
897,,,,
86332,,,,
109850,,,,
4998,,,,
95193,,,,
89761,,,,
6966,,,,
3471,,,,
2307,,,,
3906,,,,
110553,,,,
86628,,,,
100044,,,,
562,,,,
568,,,,
5356,,,,
96411,,,,
32058,,,,
98122,,,,
5240,,,,
3138,,,,
53883,,,,
56251,,,,
1858,,,,
27549,,,,
2058,,,,
99149,,,,
137857,,,,
60766,,,,
2088,,,,
55190,,,,
5479,,,,
7846,,,,
117533,,,,
44840,,,,
7844,,,,
3104,,,,
3725,,,,
71282,,,,
178,,,,
3746,,,,
26693,,,,
2772,,,,
5225,,,,
2997,,,,
5678,,,,
31431,,,,
27899,,,,
101142,,,,
5420,,,,
1130,,,,
158956,,,,
72167,,,,
88405,,,,
64499,,,,
107846,,,,
7061,,,,
109282,,,,
6587,,,,
100579,,,,
2377,,,,
26676,,,,
7124,,,,
79132,,,,
207,,,,
69712,,,,
2787,,,,
105593,,,,
4772,,,,
2548,,,,
93,,,,
1076,,,,
109416,,,,
65596,,,,
6460,,,,
50842,,,,
325,,,,
5912,,,,
69640,,,,
765,,,,
3910,,,,
2413,,,,
1686,,,,
26958,,,,
160980,,,,
123947,,,,
65631,,,,
3536,,,,
45210,,,,
6670,,,,
3055,,,,
44193,,,,
164226,,,,
6055,,,,
7225,,,,
6954,,,,
89898,,,,
5410,,,,
102749,,,,
81537,,,,
4865,,,,
7004,,,,
6659,,,,
2918,,,,
7884,,,,
100390,,,,
7090,,,,
6302,,,,
3524,,,,
91094,,,,
116138,,,,
3247,,,,
95218,,,,
50792,,,,
89862,,,,
6696,,,,
4849,,,,
27397,,,,
27611,,,,
116823,,,,
26038,,,,
602,,,,
59126,,,,
53280,,,,
1937,,,,
6579,,,,
3699,,,,
7258,,,,
4740,,,,
84799,,,,
6298,,,,
3251,,,,
5255,,,,
53468,,,,
26777,,,,
26523,,,,
71302,,,,
1998,,,,
7184,,,,
96121,,,,
4876,,,,
5568,,,,
25959,,,,
1184,,,,
600,,,,
3953,,,,
1947,,,,
166,,,,
2552,,,,
3156,,,,
4310,,,,
8199,,,,
132,,,,
131098,,,,
4393,,,,
7001,,,,
67618,,,,
78103,,,,
6752,,,,
51939,,,,
34162,,,,
46559,,,,
5799,,,,
6502,,,,
32011,,,,
109042,,,,
79293,,,,
4351,,,,
91869,,,,
516,,,,
5171,,,,
139640,,,,
117511,,,,
5041,,,,
3701,,,,
852,,,,
74452,,,,
6883,,,,
1301,,,,
448,,,,
4635,,,,
2001,,,,
2975,,,,
1293,,,,
7714,,,,
5512,,,,
3984,,,,
4608,,,,
81562,,,,
1726,,,,
2424,,,,
3841,,,,
6012,,,,
3395,,,,
134775,,,,
2531,,,,
96588,,,,
155288,,,,
424,,,,
1514,,,,
44204,,,,
70708,,,,
5990,,,,
6265,,,,
61257,,,,
206,,,,
2527,,,,
1428,,,,
89030,,,,
4636,,,,
2073,,,,
3039,,,,
142074,,,,
1860,,,,
55555,,,,
47518,,,,
8636,,,,
51937,,,,
57536,,,,
142536,,,,
590,,,,
196,,,,
96430,,,,
99636,,,,
92048,,,,
4775,,,,
96020,,,,
42176,,,,
3396,,,,
1437,,,,
5447,,,,
70697,,,,
2350,,,,
8808,,,,
55292,,,,
3911,,,,
87197,,,,
74677,,,,
5489,,,,
134808,,,,
3417,,,,
3711,,,,
31193,,,,
4862,,,,
608,,,,
86487,,,,
6731,,,,
2422,,,,
5839,,,,
134849,,,,
77233,,,,
81847,,,,
64197,,,,
4941,,,,
5337,,,,
4705,,,,
6820,,,,
239,,,,
1485,,,,
3687,,,,
4962,,,,
347,,,,
2458,,,,
78544,,,,
2642,,,,
4380,,,,
3740,,,,
112070,,,,
7444,,,,
5784,,,,
91622,,,,
440,,,,
27328,,,,
6295,,,,
4243,,,,
3662,,,,
144222,,,,
34150,,,,
128832,,,,
27820,,,,
127116,,,,
292,,,,
32300,,,,
63222,,,,
319,,,,
3303,,,,
331,,,,
31030,,,,
4128,,,,
88746,,,,
72330,,,,
40629,,,,
8019,,,,
63072,,,,
32298,,,,
77798,,,,
311,,,,
80860,,,,
85736,,,,
3983,,,,
64278,,,,
115149,,,,
4345,,,,
1909,,,,
6305,,,,
48982,,,,
68932,,,,
94,,,,
1162,,,,
161582,,,,
73211,,,,
6772,,,,
6662,,,,
6946,,,,
2716,,,,
54372,,,,
5572,,,,
84944,,,,
7879,,,,
7070,,,,
146244,,,,
86922,,,,
43919,,,,
135567,,,,
37741,,,,
93006,,,,
26527,,,,
1615,,,,
112556,,,,
53318,,,,
1381,,,,
5294,,,,
6506,,,,
128592,,,,
70932,,,,
26542,,,,
117867,,,,
1438,,,,
60979,,,,
910,,,,
90603,,,,
7487,,,,
104906,,,,
6390,,,,
3703,,,,
5525,,,,
59315,,,,
113849,,,,
103219,,,,
3264,,,,
33499,,,,
45732,,,,
5361,,,,
127172,,,,
133832,,,,
5213,,,,
2892,,,,
140711,,,,
4490,,,,
66335,,,,
3728,,,,
5882,,,,
62836,,,,
5560,,,,
3939,,,,
81158,,,,
94953,,,,
3143,,,,
7572,,,,
2947,,,,
4502,,,,
131739,,,,
4912,,,,
91323,,,,
98243,,,,
41769,,,,
4190,,,,
96,,,,
3743,,,,
5055,,,,
5049,,,,
172591,,,,
95311,,,,
27878,,,,
2691,,,,
80083,,,,
3385,,,,
88163,,,,
33201,,,,
4338,,,,
606,,,,
8950,,,,
50800,,,,
3872,,,,
282,,,,
7032,,,,
4663,,,,
54997,,,,
131724,,,,
89087,,,,
32392,,,,
62250,,,,
26453,,,,
2662,,,,
1180,,,,
27850,,,,
26084,,,,
91077,,,,
74851,,,,
2513,,,,
112370,,,,
45662,,,,
4879,,,,
31553,,,,
93297,,,,
3158,,,,
5358,,,,
127146,,,,
102742,,,,
4783,,,,
48326,,,,
1456,,,,
27369,,,,
115231,,,,
115502,,,,
49274,,,,
92509,,,,
84637,,,,
5009,,,,
3341,,,,
27695,,,,
130976,,,,
3724,,,,
5333,,,,
77795,,,,
110781,,,,
100226,,,,
27728,,,,
2731,,,,
2374,,,,
84156,,,,
4483,,,,
7118,,,,
104283,,,,
60684,,,,
2134,,,,
2315,,,,
251,,,,
36519,,,,
94325,,,,
4756,,,,
8117,,,,
4675,,,,
112450,,,,
4800,,,,
3198,,,,
4427,,,,
8493,,,,
113225,,,,
2089,,,,
136816,,,,
5443,,,,
4628,,,,
6711,,,,
1280,,,,
2456,,,,
84615,,,,
59615,,,,
63768,,,,
27865,,,,
599,,,,
90945,,,,
96150,,,,
4436,,,,
61167,,,,
66798,,,,
132335,,,,
98623,,,,
5637,,,,
228,,,,
7028,,,,
4445,,,,
43560,,,,
4898,,,,
129397,,,,
6313,,,,
5136,,,,
1273,,,,
938,,,,
44397,,,,
149590,,,,
3745,,,,
3433,,,,
34,,,,
96737,,,,
117849,,,,
5788,,,,
26622,,,,
2282,,,,
3733,,,,
5254,,,,
5435,,,,
136443,,,,
144606,,,,
48516,,,,
90647,,,,
79185,,,,
101088,,,,
5483,,,,
3020,,,,
51925,,,,
963,,,,
6223,,,,
138204,,,,
104760,,,,
5415,,,,
110387,,,,
91500,,,,
106889,,,,
52867,,,,
889,,,,
130576,,,,
2415,,,,
116207,,,,
136850,,,,
6952,,,,
64116,,,,
2794,,,,
75395,,,,
2252,,,,
2795,,,,
55259,,,,
40732,,,,
4498,,,,
62336,,,,
410,,,,
8410,,,,
1984,,,,
72919,,,,
4349,,,,
1240,,,,
96110,,,,
81535,,,,
2349,,,,
85885,,,,
72308,,,,
3571,,,,
4268,,,,
2687,,,,
2669,,,,
95175,,,,
4373,,,,
6536,,,,
7067,,,,
2762,,,,
8518,,,,
455,,,,
3729,,,,
59440,,,,
44199,,,,
5804,,,,
26778,,,,
100810,,,,
156609,,,,
8928,,,,
61352,,,,
52245,,,,
2051,,,,
91128,,,,
1888,,,,
27674,,,,
1334,,,,
3456,,,,
7753,,,,
3823,,,,
94262,,,,
32456,,,,
60674,,,,
32296,,,,
2175,,,,
7321,,,,
6708,,,,
33644,,,,
78469,,,,
4954,,,,
8521,,,,
272,,,,
5309,,,,
5903,,,,
5316,,,,
71268,,,,
7812,,,,
2582,,,,
4773,,,,
3574,,,,
2953,,,,
1439,,,,
2906,,,,
1078,,,,
6705,,,,
31664,,,,
147286,,,,
147410,,,,
69211,,,,
3510,,,,
58492,,,,
147382,,,,
134170,,,,
3250,,,,
40614,,,,
58025,,,,
1077,,,,
122924,,,,
4643,,,,
3099,,,,
4262,,,,
86548,,,,
1679,,,,
8014,,,,
32302,,,,
6568,,,,
7454,,,,
5107,,,,
102033,,,,
140359,,,,
26870,,,,
1631,,,,
51927,,,,
8253,,,,
58,,,,
64695,,,,
102686,,,,
188,,,,
117851,,,,
159755,,,,
54995,,,,
46578,,,,
90531,,,,
5422,,,,
3785,,,,
500,,,,
88744,,,,
5450,,,,
3719,,,,
127198,,,,
107771,,,,
27731,,,,
5589,,,,
1274,,,,
3957,,,,
136840,,,,
64034,,,,
40278,,,,
112749,,,,
2022,,,,
6751,,,,
6213,,,,
3221,,,,
107945,,,,
8424,,,,
27450,,,,
86000,,,,
139857,,,,
25782,,,,
2686,,,,
131439,,,,
5745,,,,
219,,,,
53127,,,,
5025,,,,
152079,,,,
1892,,,,
7842,,,,
7336,,,,
4519,,,,
4953,,,,
4276,,,,
2976,,,,
79057,,,,
295,,,,
57669,,,,
2970,,,,
7065,,,,
6170,,,,
106487,,,,
184257,,,,
25,,,,
4571,,,,
1413,,,,
6982,,,,
3615,,,,
71902,,,,
4623,,,,
4874,,,,
3799,,,,
98279,,,,
5974,,,,
1755,,,,
48412,,,,
5226,,,,
1629,,,,
317,,,,
50872,,,,
58297,,,,
92938,,,,
32511,,,,
5902,,,,
56782,,,,
1488,,,,
3705,,,,
91233,,,,
74916,,,,
1243,,,,
3324,,,,
5532,,,,
56587,,,,
140,,,,
4195,,,,
6214,,,,
72731,,,,
3767,,,,
98697,,,,
53993,,,,
132888,,,,
7015,,,,
122884,,,,
5321,,,,
40955,,,,
31925,,,,
4833,,,,
5363,,,,
110730,,,,
109596,,,,
7165,,,,
80478,,,,
59336,,,,
8874,,,,
4769,,,,
2152,,,,
69227,,,,
94122,,,,
6985,,,,
7541,,,,
114925,,,,
2917,,,,
85565,,,,
27793,,,,
87306,,,,
8239,,,,
1605,,,,
56805,,,,
64032,,,,
5177,,,,
84392,,,,
4337,,,,
95088,,,,
95147,,,,
306,,,,
36529,,,,
1493,,,,
4254,,,,
45442,,,,
2725,,,,
5170,,,,
2533,,,,
64010,,,,
849,,,,
103085,,,,
79946,,,,
68486,,,,
3791,,,,
136445,,,,
33148,,,,
1646,,,,
2865,,,,
2903,,,,
1484,,,,
7743,,,,
104339,,,,
80839,,,,
2054,,,,
414,,,,
165,,,,
2093,,,,
8092,,,,
438,,,,
97168,,,,
107953,,,,
4285,,,,
59306,,,,
27683,,,,
1247,,,,
96563,,,,
26375,,,,
58191,,,,
3653,,,,
106072,,,,
4372,,,,
4225,,,,
5993,,,,
5328,,,,
152658,,,,
55620,,,,
132424,,,,
5979,,,,
1041,,,,
3210,,,,
60289,,,,
43914,,,,
1028,,,,
76054,,,,
4247,,,,
150,,,,
151759,,,,
2888,,,,
5666,,,,
141928,,,,
6339,,,,
1209,,,,
47423,,,,
78160,,,,
3061,,,,
4989,,,,
6582,,,,
43836,,,,
6951,,,,
45668,,,,
5014,,,,
507,,,,
4644,,,,
1980,,,,
70703,,,,
30846,,,,
1371,,,,
51088,,,,
1986,,,,
5103,,,,
5244,,,,
26467,,,,
103141,,,,
2430,,,,
3927,,,,
55061,,,,
4850,,,,
26928,,,,
123200,,,,
105653,,,,
89281,,,,
94011,,,,
81512,,,,
4347,,,,
3483,,,,
4412,,,,
7390,,,,
89388,,,,
7,,,,
4565,,,,
7107,,,,
26386,,,,
1495,,,,
160271,,,,
8360,,,,
77893,,,,
95720,,,,
2977,,,,
2512,,,,
4679,,,,
72178,,,,
112911,,,,
5110,,,,
2693,,,,
5682,,,,
117646,,,,
103755,,,,
3556,,,,
53972,,,,
26704,,,,
65651,,,,
2419,,,,
90738,,,,
69685,,,,
6308,,,,
161580,,,,
5961,,,,
6974,,,,
1645,,,,
26236,,,,
2468,,,,
3029,,,,
152591,,,,
142831,,,,
57843,,,,
8464,,,,
50804,,,,
4658,,,,
140850,,,,
444,,,,
107348,,,,
4915,,,,
160730,,,,
3640,,,,
92694,,,,
103596,,,,
142961,,,,
27563,,,,
4298,,,,
6291,,,,
8977,,,,
2478,,,,
2450,,,,
235,,,,
82093,,,,
33237,,,,
5663,,,,
4704,,,,
97785,,,,
126548,,,,
90403,,,,
60365,,,,
3272,,,,
2372,,,,
72294,,,,
3597,,,,
56869,,,,
99114,,,,
86781,,,,
107408,,,,
113780,,,,
112623,,,,
110603,,,,
26151,,,,
205,,,,
94266,,,,
6874,,,,
4496,,,,
58047,,,,
4584,,,,
40412,,,,
95738,,,,
71970,,,,
147142,,,,
116977,,,,
146684,,,,
6987,,,,
19,,,,
5088,,,,
118900,,,,
2890,,,,
7730,,,,
66934,,,,
32139,,,,
156371,,,,
27664,,,,
214,,,,
118862,,,,
2412,,,,
81191,,,,
103688,,,,
7366,,,,
27644,,,,
107013,,,,
2400,,,,
140247,,,,
3240,,,,
26283,,,,
70361,,,,
2613,,,,
98799,,,,
89774,,,,
74696,,,,
7698,,,,
6949,,,,
1529,,,,
1612,,,,
65088,,,,
1792,,,,
7147,,,,
31921,,,,
102802,,,,
141718,,,,
1978,,,,
25788,,,,
59220,,,,
103449,,,,
7562,,,,
3742,,,,
2193,,,,
2848,,,,
6723,,,,
125970,,,,
26849,,,,
6415,,,,
949,,,,
6374,,,,
77455,,,,
2567,,,,
3002,,,,
1445,,,,
129737,,,,
4014,,,,
3176,,,,
1582,,,,
2671,,,,
27022,,,,
3888,,,,
709,,,,
45672,,,,
1013,,,,
3177,,,,
2003,,,,
133867,,,,
5205,,,,
88140,,,,
79879,,,,
50005,,,,
7369,,,,
2752,,,,
2520,,,,
107412,,,,
48520,,,,
5033,,,,
55250,,,,
3157,,,,
385,,,,
8191,,,,
3387,,,,
6798,,,,
130083,,,,
4804,,,,
5541,,,,
1733,,,,
1834,,,,
861,,,,
33171,,,,
98491,,,,
106782,,,,
8335,,,,
1409,,,,
3384,,,,
104863,,,,
8961,,,,
4312,,,,
30898,,,,
92674,,,,
27838,,,,
56941,,,,
103221,,,,
93363,,,,
75,,,,
82765,,,,
44,,,,
144976,,,,
117922,,,,
7371,,,,
8836,,,,
128852,,,,
46231,,,,
4701,,,,
3141,,,,
61348,,,,
90428,,,,
3360,,,,
3655,,,,
34332,,,,
158830,,,,
108601,,,,
1497,,,,
95939,,,,
138546,,,,
26357,,,,
31038,,,,
130498,,,,
5298,,,,
2949,,,,
7983,,,,
3088,,,,
8989,,,,
68650,,,,
87430,,,,
5841,,,,
128087,,,,
134368,,,,
160646,,,,
6383,,,,
321,,,,
737,,,,
5504,,,,
43921,,,,
27592,,,,
1101,,,,
69988,,,,
169,,,,
3473,,,,
58315,,,,
1887,,,,
5062,,,,
115170,,,,
49666,,,,
7063,,,,
5329,,,,
80864,,,,
81949,,,,
6945,,,,
524,,,,
42761,,,,
158842,,,,
1249,,,,
1809,,,,
49917,,,,
6893,,,,
47810,,,,
33880,,,,
34143,,,,
39449,,,,
506,,,,
57147,,,,
2144,,,,
2973,,,,
818,,,,
5375,,,,
85179,,,,
49263,,,,
96832,,,,
1390,,,,
184,,,,
6800,,,,
1414,,,,
40414,,,,
51082,,,,
3943,,,,
943,,,,
6428,,,,
80549,,,,
59900,,,,
51084,,,,
1192,,,,
3081,,,,
109191,,,,
71899,,,,
7843,,,,
52241,,,,
5951,,,,
140162,,,,
2283,,,,
92475,,,,
5377,,,,
48082,,,,
4535,,,,
157200,,,,
1286,,,,
724,,,,
7986,,,,
78499,,,,
97936,,,,
157340,,,,
26285,,,,
77421,,,,
96861,,,,
26492,,,,
119145,,,,
26695,,,,
4871,,,,
304,,,,
4852,,,,
72998,,,,
60408,,,,
4121,,,,
102716,,,,
5433,,,,
132046,,,,
3183,,,,
47538,,,,
104944,,,,
5120,,,,
2064,,,,
92439,,,,
1222,,,,
127194,,,,
6382,,,,
881,,,,
4951,,,,
8128,,,,
99087,,,,
8607,,,,
5577,,,,
27420,,,,
3617,,,,
33649,,,,
2379,,,,
53550,,,,
62849,,,,
37830,,,,
775,,,,
73321,,,,
3008,,,,
56171,,,,
5949,,,,
2522,,,,
105211,,,,
298,,,,
3920,,,,
149354,,,,
7450,,,,
3770,,,,
54259,,,,
4522,,,,
4816,,,,
82167,,,,
8864,,,,
8529,,,,
40819,,,,
6953,,,,
7727,,,,
58559,,,,
2939,,,,
25827,,,,
71484,,,,
3421,,,,
5027,,,,
51024,,,,
7304,,,,
6477,,,,
122882,,,,
3230,,,,
59333,,,,
2414,,,,
61132,,,,
3017,,,,
1322,,,,
92760,,,,
1387,,,,
132084,,,,
6746,,,,
143255,,,,
148978,,,,
61160,,,,
4082,,,,
1023,,,,
59387,,,,
2347,,,,
45726,,,,
83976,,,,
53974,,,,
31367,,,,
49524,,,,
72129,,,,
1416,,,,
54185,,,,
96811,,,,
6890,,,,
3078,,,,
54286,,,,
127134,,,,
7920,,,,
3489,,,,
129313,,,,
3037,,,,
2321,,,,
766,,,,
6970,,,,
86898,,,,
101112,,,,
386,,,,
115828,,,,
5224,,,,
104069,,,,
142422,,,,
37475,,,,
4342,,,,
86960,,,,
8380,,,,
2072,,,,
4919,,,,
5012,,,,
3555,,,,
71341,,,,
2048,,,,
7934,,,,
144714,,,,
6887,,,,
6237,,,,
5053,,,,
55080,,,,
2782,,,,
44694,,,,
700,,,,
6999,,,,
136016,,,,
76293,,,,
52722,,,,
56274,,,,
105246,,,,
151479,,,,
48262,,,,
81932,,,,
150604,,,,
90769,,,,
6617,,,,
7458,,,,
426,,,,
102880,,,,
5016,,,,
82169,,,,
3129,,,,
6216,,,,
47793,,,,
7704,,,,
72378,,,,
152037,,,,
5197,,,,
70641,,,,
107702,,,,
96567,,,,
97923,,,,
26871,,,,
1552,,,,
83480,,,,
88129,,,,
151315,,,,
89759,,,,
144716,,,,
86190,,,,
49013,,,,
1163,,,,
3044,,,,
3537,,,,
70990,,,,
2311,,,,
8914,,,,
34072,,,,
1103,,,,
714,,,,
2683,,,,
4396,,,,
172875,,,,
1203,,,,
103249,,,,
82499,,,,
191,,,,
7716,,,,
94867,,,,
151559,,,,
78039,,,,
7031,,,,
1167,,,,
1954,,,,
114044,,,,
62511,,,,
6939,,,,
7991,,,,
31437,,,,
134853,,,,
72696,,,,
77866,,,,
150554,,,,
3822,,,,
88235,,,,
99112,,,,
63113,,,,
4509,,,,
128838,,,,
50851,,,,
99106,,,,
69481,,,,
2790,,,,
2665,,,,
103042,,,,
114662,,,,
93819,,,,
7782,,,,
648,,,,
1972,,,,
63808,,,,
3494,,,,
2524,,,,
5507,,,,
3695,,,,
43549,,,,
50796,,,,
2504,,,,
174053,,,,
30812,,,,
111781,,,,
27768,,,,
579,,,,
1097,,,,
4735,,,,
7012,,,,
47646,,,,
2887,,,,
139415,,,,
27704,,,,
457,,,,
2676,,,,
8368,,,,
32917,,,,
1703,,,,
102194,,,,
3261,,,,
6212,,,,
2442,,,,
7940,,,,
1793,,,,
71494,,,,
542,,,,
3755,,,,
110501,,,,
2204,,,,
161922,,,,
1550,,,,
3388,,,,
1604,,,,
46976,,,,
82852,,,,
26176,,,,
494,,,,
74754,,,,
1147,,,,
3986,,,,
8580,,,,
25940,,,,
638,,,,
6663,,,,
49347,,,,
5462,,,,
3971,,,,
5980,,,,
4406,,,,
95307,,,,
39400,,,,
82534,,,,
3452,,,,
3760,,,,
5580,,,,
56607,,,,
8378,,,,
61401,,,,
96373,,,,
4916,,,,
85261,,,,
4299,,,,
101423,,,,
73431,,,,
7841,,,,
1401,,,,
6252,,,,
85397,,,,
70015,,,,
2771,,,,
7570,,,,
2695,,,,
87520,,,,
127323,,,,
113348,,,,
262,,,,
1324,,,,
2558,,,,
102445,,,,
1923,,,,
92046,,,,
2376,,,,
78626,,,,
72405,,,,
4770,,,,
94677,,,,
1349,,,,
42013,,,,
2993,,,,
90866,,,,
3498,,,,
3546,,,,
3028,,,,
59295,,,,
3991,,,,
3409,,,,
26471,,,,
69860,,,,
4221,,,,
132422,,,,
32587,,,,
51933,,,,
3372,,,,
95199,,,,
110541,,,,
513,,,,
1704,,,,
37382,,,,
81910,,,,
5159,,,,
417,,,,
47644,,,,
8542,,,,
124273,,,,
46965,,,,
33893,,,,
8290,,,,
2745,,,,
105213,,,,
3681,,,,
1885,,,,
3285,,,,
5237,,,,
3079,,,,
8363,,,,
6030,,,,
26555,,,,
5829,,,,
2011,,,,
5066,,,,
324,,,,
55245,,,,
6773,,,,
6296,,,,
58103,,,,
7285,,,,
101577,,,,
67788,,,,
3450,,,,
1870,,,,
152083,,,,
742,,,,
6365,,,,
49272,,,,
127164,,,,
50158,,,,
833,,,,
50189,,,,
38388,,,,
84273,,,,
71867,,,,
4732,,,,
79073,,,,
4005,,,,
7305,,,,
3405,,,,
109295,,,,
2105,,,,
5625,,,,
68793,,,,
2876,,,,
903,,,,
4384,,,,
32469,,,,
107436,,,,
5833,,,,
5099,,,,
71205,,,,
47404,,,,
7448,,,,
34326,,,,
6809,,,,
31445,,,,
5735,,,,
1235,,,,
3074,,,,
7308,,,,
609,,,,
610,,,,
8911,,,,
4563,,,,
1759,,,,
5617,,,,
53161,,,,
159717,,,,
2306,,,,
1022,,,,
116668,,,,
141004,,,,
36401,,,,
839,,,,
5220,,,,
2919,,,,
103235,,,,
425,,,,
85774,,,,
6111,,,,
101739,,,,
112303,,,,
2155,,,,
66665,,,,
4987,,,,
4008,,,,
55687,,,,
3153,,,,
93134,,,,
415,,,,
5388,,,,
90746,,,,
99117,,,,
53578,,,,
5094,,,,
2111,,,,
47721,,,,
25963,,,,
3434,,,,
4661,,,,
1014,,,,
8969,,,,
159976,,,,
679,,,,
58078,,,,
3408,,,,
26464,,,,
8865,,,,
6715,,,,
2253,,,,
79702,,,,
421,,,,
86068,,,,
81786,,,,
6323,,,,
175,,,,
4146,,,,
118290,,,,
160573,,,,
44929,,,,
6027,,,,
4899,,,,
7445,,,,
46062,,,,
55282,,,,
58975,,,,
86345,,,,
86911,,,,
5522,,,,
107338,,,,
87,,,,
70206,,,,
2984,,,,
94896,,,,
5693,,,,
160289,,,,
141890,,,,
140523,,,,
81520,,,,
1031,,,,
3022,,,,
83910,,,,
72171,,,,
132333,,,,
171495,,,,
76030,,,,
47516,,,,
487,,,,
451,,,,
17,,,,
48879,,,,
3576,,,,
3257,,,,
58301,,,,
44511,,,,
4774,,,,
39869,,,,
1982,,,,
5323,,,,
79695,,,,
92264,,,,
142507,,,,
27721,,,,
114396,,,,
32234,,,,
170705,,,,
114762,,,,
33188,,,,
3114,,,,
39427,,,,
7150,,,,
92535,,,,
6821,,,,
115210,,,,
531,,,,
193,,,,
149902,,,,
102993,,,,
79274,,,,
56336,,,,
279,,,,
2674,,,,
4141,,,,
45447,,,,
1198,,,,
37733,,,,
60522,,,,
116738,,,,
3040,,,,
54785,,,,
85020,,,,
6619,,,,
8784,,,,
6858,,,,
5134,,,,
131934,,,,
43917,,,,
2362,,,,
55442,,,,
2085,,,,
4053,,,,
111362,,,,
48045,,,,
57274,,,,
56152,,,,
2723,,,,
27769,,,,
2036,,,,
73499,,,,
6124,,,,
132362,,,,
85295,,,,
4452,,,,
1079,,,,
2861,,,,
64957,,,,
27667,,,,
2184,,,,
33310,,,,
80831,,,,
764,,,,
64030,,,,
50912,,,,
1177,,,,
4881,,,,
6263,,,,
1571,,,,
26073,,,,
6187,,,,
8512,,,,
94864,,,,
2835,,,,
7987,,,,
521,,,,
2585,,,,
8958,,,,
907,,,,
118702,,,,
54121,,,,
53125,,,,
64575,,,,
2589,,,,
71535,,,,
113278,,,,
55768,,,,
3635,,,,
118706,,,,
4317,,,,
6357,,,,
5953,,,,
2503,,,,
110655,,,,
6628,,,,
34330,,,,
4064,,,,
31422,,,,
4947,,,,
1112,,,,
639,,,,
6036,,,,
105020,,,,
41566,,,,
78088,,,,
92494,,,,
74089,,,,
128842,,,,
95843,,,,
71304,,,,
3973,,,,
85399,,,,
74946,,,,
31309,,,,
1361,,,,
69134,,,,
2599,,,,
3390,,,,
107447,,,,
86815,,,,
54116,,,,
7372,,,,
52952,,,,
1483,,,,
66509,,,,
33615,,,,
66097,,,,
1035,,,,
27539,,,,
114060,,,,
42191,,,,
33660,,,,
79134,,,,
89386,,,,
3990,,,,
118896,,,,
142115,,,,
58879,,,,
113378,,,,
92198,,,,
109487,,,,
72142,,,,
5506,,,,
4223,,,,
148982,,,,
5809,,,,
4447,,,,
4361,,,,
26680,,,,
735,,,,
3660,,,,
5952,,,,
674,,,,
80139,,,,
116849,,,,
102025,,,,
281,,,,
74668,,,,
6553,,,,
97866,,,,
467,,,,
1965,,,,
301,,,,
91104,,,,
87529,,,,
158254,,,,
2271,,,,
2318,,,,
128360,,,,
34532,,,,
3330,,,,
128968,,,,
63876,,,,
91529,,,,
99130,,,,
100106,,,,
31435,,,,
5155,,,,
3422,,,,
102084,,,,
2364,,,,
6763,,,,
71108,,,,
112460,,,,
176,,,,
327,,,,
164753,,,,
8951,,,,
103107,,,,
151695,,,,
7047,,,,
74685,,,,
60040,,,,
6561,,,,
98160,,,,
274,,,,
90245,,,,
160644,,,,
3429,,,,
71131,,,,
99992,,,,
161290,,,,
26524,,,,
162082,,,,
4139,,,,
3967,,,,
2796,,,,
95583,,,,
3327,,,,
3567,,,,
105325,,,,
6484,,,,
103366,,,,
88125,,,,
113275,,,,
55363,,,,
26726,,,,
5456,,,,
93563,,,,
80858,,,,
6101,,,,
156607,,,,
3185,,,,
5446,,,,
1641,,,,
3563,,,,
95135,,,,
119167,,,,
5975,,,,
109483,,,,
4105,,,,
74,,,,
2330,,,,
79868,,,,
47978,,,,
6210,,,,
95761,,,,
3431,,,,
5127,,,,
165101,,,,
127180,,,,
2404,,,,
926,,,,
4080,,,,
136654,,,,
2539,,,,
60514,,,,
80,,,,
6567,,,,
32666,,,,
7223,,,,
5943,,,,
8094,,,,
59915,,,,
1587,,,,
3477,,,,
1468,,,,
94160,,,,
4946,,,,
3107,,,,
110773,,,,
4544,,,,
8042,,,,
55553,,,,
5665,,,,
94015,,,,
60291,,,,
84954,,,,
2116,,,,
5168,,,,
91483,,,,
6375,,,,
33834,,,,
1826,,,,
112175,,,,
160438,,,,
1429,,,,
3528,,,,
134248,,,,
837,,,,
77709,,,,
87287,,,,
1288,,,,
112515,,,,
92730,,,,
4787,,,,
104644,,,,
60803,,,,
802,,,,
7096,,,,
1660,,,,
95377,,,,
2123,,,,
61250,,,,
6984,,,,
50440,,,,
1985,,,,
4068,,,,
93443,,,,
113565,,,,
67665,,,,
4432,,,,
77881,,,,
73386,,,,
5073,,,,
57637,,,,
60857,,,,
102481,,,,
4355,,,,
1392,,,,
104211,,,,
3519,,,,
61210,,,,
2227,,,,
30994,,,,
3225,,,,
7988,,,,
135198,,,,
33629,,,,
5609,,,,
1653,,,,
62553,,,,
1734,,,,
74948,,,,
68791,,,,
47774,,,,
3941,,,,
58332,,,,
26265,,,,
2454,,,,
2398,,,,
5575,,,,
2000,,,,
51903,,,,
509,,,,
3125,,,,
5023,,,,
48161,,,,
69278,,,,
91261,,,,
4284,,,,
84189,,,,
134334,,,,
6564,,,,
2844,,,,
60397,,,,
3527,,,,
5675,,,,
5873,,,,
2262,,,,
60943,,,,
105844,,,,
127114,,,,
31221,,,,
97643,,,,
63433,,,,
107999,,,,
4990,,,,
71518,,,,
37844,,,,
26095,,,,
33830,,,,
7315,,,,
6783,,,,
168,,,,
7317,,,,
6528,,,,
130087,,,,
933,,,,
33836,,,,
65130,,,,
54734,,,,
8596,,,,
4297,,,,
146210,,,,
6547,,,,
100553,,,,
59814,,,,
21,,,,
101362,,,,
7669,,,,
3201,,,,
110286,,,,
3171,,,,
122902,,,,
32659,,,,
4583,,,,
4041,,,,
4572,,,,
6465,,,,
8614,,,,
12,,,,
1566,,,,
79553,,,,
60069,,,,
2581,,,,
141646,,,,
3831,,,,
52724,,,,
45950,,,,
1337,,,,
5409,,,,
4003,,,,
1262,,,,
3864,,,,
70994,,,,
91947,,,,
4033,,,,
68157,,,,
4521,,,,
46772,,,,
107565,,,,
102852,,,,
6466,,,,
1963,,,,
5620,,,,
1215,,,,
133545,,,,
116044,,,,
73515,,,,
5156,,,,
3710,,,,
2169,,,,
519,,,,
1867,,,,
1904,,,,
1120,,,,
81257,,,,
1302,,,,
91386,,,,
4864,,,,
87234,,,,
5899,,,,
2183,,,,
2243,,,,
6817,,,,
85213,,,,
5071,,,,
1833,,,,
147936,,,,
4366,,,,
106438,,,,
102125,,,,
113394,,,,
111320,,,,
7122,,,,
8492,,,,
93598,,,,
4368,,,,
27803,,,,
163981,,,,
8121,,,,
4451,,,,
160567,,,,
42018,,,,
25769,,,,
129333,,,,
41724,,,,
7361,,,,
6558,,,,
2475,,,,
1287,,,,
6993,,,,
5569,,,,
63131,,,,
89939,,,,
112512,,,,
5755,,,,
47044,,,,
42004,,,,
3296,,,,
8582,,,,
52283,,,,
78637,,,,
6025,,,,
131920,,,,
26237,,,,
84240,,,,
60941,,,,
2399,,,,
1325,,,,
155,,,,
1862,,,,
113604,,,,
72165,,,,
6598,,,,
3735,,,,
26122,,,,
6480,,,,
114847,,,,
31083,,,,
54190,,,,
47999,,,,
5513,,,,
86504,,,,
138798,,,,
4392,,,,
55116,,,,
56367,,,,
78316,,,,
136341,,,,
114246,,,,
1606,,,,
5438,,,,
82088,,,,
151455,,,,
5792,,,,
136912,,,,
1648,,,,
3036,,,,
316,,,,
6811,,,,
1347,,,,
1633,,,,
61289,,,,
1318,,,,
8713,,,,
66744,,,,
8383,,,,
5372,,,,
3392,,,,
1375,,,,
47202,,,,
71910,,,,
109241,,,,
322,,,,
1770,,,,
56908,,,,
1269,,,,
92427,,,,
3159,,,,
5570,,,,
2571,,,,
104272,,,,
1689,,,,
784,,,,
105731,,,,
2337,,,,
2928,,,,
34319,,,,
2118,,,,
4886,,,,
2940,,,,
79091,,,,
42943,,,,
4304,,,,
1753,,,,
42418,,,,
68659,,,,
706,,,,
56921,,,,
70984,,,,
116797,,,,
47610,,,,
127212,,,,
33495,,,,
27873,,,,
310,,,,
801,,,,
4727,,,,
51562,,,,
142456,,,,
69516,,,,
4343,,,,
109161,,,,
6850,,,,
14,,,,
2057,,,,
3135,,,,
6947,,,,
106489,,,,
52885,,,,
613,,,,
63436,,,,
4925,,,,
95163,,,,
618,,,,
5128,,,,
7054,,,,
1912,,,,
27311,,,,
55067,,,,
7019,,,,
2301,,,,
1256,,,,
57640,,,,
4710,,,,
2750,,,,
187,,,,
67888,,,,
407,,,,
41573,,,,
3916,,,,
6942,,,,
866,,,,
69436,,,,
5047,,,,
96610,,,,
348,,,,
2555,,,,
143385,,,,
4670,,,,
1681,,,,
2097,,,,
72224,,,,
5889,,,,
94070,,,,
75816,,,,
597,,,,
1191,,,,
22,,,,
1197,,,,
241,,,,
3241,,,,
4612,,,,
5498,,,,
8973,,,,
4231,,,,
64285,,,,
2735,,,,
2553,,,,
806,,,,
41716,,,,
140852,,,,
121,,,,
4069,,,,
2297,,,,
68237,,,,
4275,,,,
1216,,,,
93193,,,,
59103,,,,
2583,,,,
49824,,,,
2,,,,
98124,,,,
4193,,,,
152071,,,,
249,,,,
1020,,,,
4777,,,,
117192,,,,
2722,,,,
25850,,,,
44197,,,,
112940,,,,
718,,,,
141,,,,
56620,,,,
130073,,,,
126482,,,,
4354,,,,
615,,,,
90522,,,,
3950,,,,
6609,,,,
27537,,,,
40697,,,,
1260,,,,
49132,,,,
1365,,,,
5064,,,,
31420,,,,
55167,,,,
8385,,,,
4958,,,,
56333,,,,
1034,,,,
2629,,,,
4939,,,,
1233,,,,
80693,,,,
27246,,,,
6022,,,,
5901,,,,
1289,,,,
3873,,,,
5282,,,,
27555,,,,
4153,,,,
4242,,,,
2423,,,,
162602,,,,
1427,,,,
3806,,,,
4526,,,,
54686,,,,
144620,,,,
4557,,,,
92507,,,,
103772,,,,
139052,,,,
8912,,,,
7167,,,,
904,,,,
7151,,,,
80917,,,,
49314,,,,
6788,,,,
103606,,,,
3690,,,,
99574,,,,
82744,,,,
1680,,,,
140725,,,,
69469,,,,
698,,,,
1958,,,,
8919,,,,
26048,,,,
1312,,,,
6748,,,,
117176,,,,
2743,,,,
1487,,,,
8908,,,,
3189,,,,
5640,,,,
5209,,,,
138632,,,,
3649,,,,
136838,,,,
8293,,,,
3753,,,,
122900,,,,
7143,,,,
3286,,,,
5198,,,,
6264,,,,
3480,,,,
418,,,,
64622,,,,
2847,,,,
3161,,,,
77191,,,,
6299,,,,
5527,,,,
44851,,,,
2133,,,,
2878,,,,
3178,,,,
8575,,,,
7944,,,,
5720,,,,
4039,,,,
104017,,,,
8772,,,,
5945,,,,
1275,,,,
75803,,,,
1255,,,,
142420,,,,
7781,,,,
82684,,,,
1719,,,,
1891,,,,
2563,,,,
6983,,,,
1189,,,,
75389,,,,
7306,,,,
95167,,,,
103228,,,,
3283,,,,
88515,,,,
2538,,,,
3674,,,,
946,,,,
73017,,,,
104374,,,,
2395,,,,
5400,,,,
50806,,,,
1236,,,,
3006,,,,
74698,,,,
1906,,,,
4880,,,,
93008,,,,
27751,,,,
94494,,,,
2482,,,,
103341,,,,
82527,,,,
7160,,,,
135532,,,,
83827,,,,
98961,,,,
3521,,,,
93139,,,,
6436,,,,
173,,,,
1545,,,,
6551,,,,
69644,,,,
6378,,,,
2369,,,,
4799,,,,
312,,,,
111732,,,,
5334,,,,
6348,,,,
4381,,,,
113741,,,,
85510,,,,
134158,,,,
56389,,,,
89753,,,,
104074,,,,
71156,,,,
3996,,,,
157,,,,
96616,,,,
3569,,,,
71327,,,,
89745,,,,
8985,,,,
779,,,,
1991,,,,
6658,,,,
4074,,,,
8012,,,,
4454,,,,
59141,,,,
2025,,,,
2053,,,,
134130,,,,
6162,,,,
89427,,,,
6545,,,,
71135,,,,
7161,,,,
126090,,,,
104243,,,,
98499,,,,
5633,,,,
159077,,,,
55765,,,,
8832,,,,
71057,,,,
2348,,,,
128975,,,,
381,,,,
110586,,,,
96691,,,,
4995,,,,
371,,,,
117590,,,,
4020,,,,
65802,,,,
5847,,,,
3076,,,,
57502,,,,
68135,,,,
6058,,,,
109183,,,,
6067,,,,
142448,,,,
122932,,,,
44889,,,,
2185,,,,
1649,,,,
31114,,,,
8235,,,,
3101,,,,
2817,,,,
2056,,,,
87194,,,,
181,,,,
549,,,,
89072,,,,
70545,,,,
2360,,,,
90374,,,,
132454,,,,
82202,,,,
45517,,,,
7256,,,,
59985,,,,
5970,,,,
1805,,,,
109576,,,,
147378,,,,
134214,,,,
5414,,,,
107962,,,,
5925,,,,
7131,,,,
3834,,,,
1900,,,,
4116,,,,
4980,,,,
151739,,,,
125914,,,,
4052,,,,
3980,,,,
6219,,,,
832,,,,
2754,,,,
384,,,,
98296,,,,
2166,,,,
71429,,,,
31694,,,,
104078,,,,
26231,,,,
82,,,,
118997,,,,
2730,,,,
3402,,,,
1735,,,,
33132,,,,
79008,,,,
1747,,,,
111384,,,,
133281,,,,
3475,,,,
3441,,,,
4294,,,,
3706,,,,
7211,,,,
6143,,,,
164655,,,,
2800,,,,
69953,,,,
1696,,,,
1053,,,,
2092,,,,
154065,,,,
6785,,,,
39414,,,,
62081,,,,
6020,,,,
1754,,,,
4709,,,,
6185,,,,
6537,,,,
1244,,,,
55814,,,,
108928,,,,
27140,,,,
6753,,,,
3398,,,,
8491,,,,
128900,,,,
91658,,,,
73268,,,,
114494,,,,
4721,,,,
88108,,,,
61,,,,
48304,,,,
2006,,,,
7303,,,,
98239,,,,
4518,,,,
38061,,,,
7386,,,,
31696,,,,
56715,,,,
26340,,,,
1010,,,,
155892,,,,
76751,,,,
112897,,,,
6706,,,,
3646,,,,
2763,,,,
99007,,,,
2357,,,,
6534,,,,
58351,,,,
8402,,,,
114935,,,,
6186,,,,
4676,,,,
7451,,,,
1267,,,,
153386,,,,
3639,,,,
7083,,,,
36289,,,,
4890,,,,
1603,,,,
7584,,,,
60333,,,,
4942,,,,
53129,,,,
118248,,,,
99415,,,,
116963,,,,
96530,,,,
2170,,,,
633,,,,
128695,,,,
96488,,,,
6104,,,,
52299,,,,
109968,,,,
70862,,,,
3633,,,,
7833,,,,
53894,,,,
6965,,,,
5684,,,,
2465,,,,
162606,,,,
3840,,,,
4054,,,,
2194,,,,
4646,,,,
4743,,,,
159093,,,,
4578,,,,
72605,,,,
8131,,,,
130052,,,,
141866,,,,
34523,,,,
5448,,,,
6572,,,,
71468,,,,
4826,,,,
1088,,,,
91974,,,,
91842,,,,
3256,,,,
115877,,,,
388,,,,
31427,,,,
2812,,,,
63540,,,,
3578,,,,
106,,,,
6148,,,,
5239,,,,
3868,,,,
3146,,,,
147376,,,,
93988,,,,
49647,,,,
136800,,,,
39183,,,,
2477,,,,
6870,,,,
3539,,,,
2978,,,,
8959,,,,
1251,,,,
1460,,,,
2929,,,,
481,,,,
25773,,,,
31590,,,,
30822,,,,
88911,,,,
101741,,,,
1600,,,,
31184,,,,
109864,,,,
5679,,,,
5077,,,,
5707,,,,
1659,,,,
2915,,,,
3638,,,,
6975,,,,
8254,,,,
36527,,,,
55071,,,,
92309,,,,
65230,,,,
2843,,,,
1382,,,,
747,,,,
6155,,,,
86066,,,,
86,,,,
85131,,,,
3879,,,,
7181,,,,
142196,,,,
51077,,,,
97328,,,,
34338,,,,
4614,,,,
3426,,,,
102602,,,,
3526,,,,
4825,,,,
2532,,,,
273,,,,
2146,,,,
96728,,,,
4771,,,,
3773,,,,
141799,,,,
1825,,,,
114126,,,,
2163,,,,
8738,,,,
2739,,,,
2948,,,,
39444,,,,
300,,,,
146028,,,,
5214,,,,
2698,,,,
67168,,,,
6166,,,,
2542,,,,
2429,,,,
143410,,,,
6093,,,,
135536,,,,
52715,,,,
148888,,,,
6267,,,,
26717,,,,
144,,,,
132153,,,,
34542,,,,
103233,,,,
82667,,,,
6,,,,
8907,,,,
6319,,,,
3462,,,,
111663,,,,
5187,,,,
4808,,,,
66943,,,,
59995,,,,
27176,,,,
2328,,,,
144210,,,,
5338,,,,
162828,,,,
2359,,,,
3677,,,,
59143,,,,
95796,,,,
6086,,,,
49932,,,,
270,,,,
104913,,,,
85412,,,,
44633,,,,
4932,,,,
6909,,,,
152,,,,
88069,,,,
45969,,,,
1730,,,,
2623,,,,
152711,,,,
150401,,,,
30894,,,,
102165,,,,
4143,,,,
141408,,,,
63033,,,,
142372,,,,
89047,,,,
4531,,,,
102760,,,,
149334,,,,
53466,,,,
1217,,,,
2195,,,,
8169,,,,
8190,,,,
6884,,,,
60894,,,,
420,,,,
2824,,,,
102123,,,,
126088,,,,
62,,,,
31952,,,,
1693,,,,
6548,,,,
5008,,,,
5959,,,,
3847,,,,
53143,,,,
8588,,,,
65133,,,,
73854,,,,
3175,,,,
611,,,,
50064,,,,
66783,,,,
57772,,,,
5478,,,,
26840,,,,
145839,,,,
96084,,,,
85796,,,,
60141,,,,
885,,,,
6039,,,,
4420,,,,
2506,,,,
112788,,,,
89470,,,,
39292,,,,
42007,,,,
46530,,,,
78266,,,,
93114,,,,
999,,,,
46972,,,,
2530,,,,
5348,,,,
47446,,,,
26761,,,,
95771,,,,
35807,,,,
4902,,,,
3789,,,,
48738,,,,
69122,,,,
7326,,,,
90600,,,,
4280,,,,
7257,,,,
6927,,,,
8143,,,,
88179,,,,
6217,,,,
1801,,,,
67734,,,,
97858,,,,
46574,,,,
62999,,,,
6713,,,,
67408,,,,
1663,,,,
3761,,,,
7038,,,,
54745,,,,
7261,,,,
95145,,,,
117107,,,,
111375,,,,
133771,,,,
288,,,,
73822,,,,
4653,,,,
7618,,,,
6750,,,,
95744,,,,
935,,,,
37386,,,,
55451,,,,
74075,,,,
6021,,,,
7164,,,,
71379,,,,
72479,,,,
1983,,,,
36708,,,,
2661,,,,
102819,,,,
466,,,,
441,,,,
161131,,,,
154358,,,,
159403,,,,
7123,,,,
66297,,,,
5521,,,,
5988,,,,
81456,,,,
110746,,,,
2916,,,,
1326,,,,
8188,,,,
80553,,,,
80219,,,,
3839,,,,
2445,,,,
7158,,,,
68597,,,,
27830,,,,
4499,,,,
90357,,,,
2120,,,,
1223,,,,
3717,,,,
94919,,,,
8833,,,,
76763,,,,
70565,,,,
39715,,,,
5275,,,,
636,,,,
82459,,,,
61071,,,,
6596,,,,
879,,,,
86028,,,,
115680,,,,
1840,,,,
70946,,,,
4508,,,,
98809,,,,
4914,,,,
27434,,,,
4591,,,,
1671,,,,
44972,,,,
8915,,,,
6014,,,,
7362,,,,
2799,,,,
160,,,,
7831,,,,
1227,,,,
1083,,,,
86059,,,,
2066,,,,
1613,,,,
4125,,,,
143257,,,,
55946,,,,
7072,,,,
135137,,,,
6035,,,,
8783,,,,
3919,,,,
55274,,,,
2410,,,,
4765,,,,
80572,,,,
4226,,,,
1791,,,,
6300,,,,
123310,,,,
122904,,,,
156387,,,,
26629,,,,
44709,,,,
3591,,,,
48414,,,,
1588,,,,
69406,,,,
73858,,,,
59037,,,,
60756,,,,
97665,,,,
6329,,,,
135887,,,,
8873,,,,
77800,,,,
7051,,,,
54732,,,,
8798,,,,
8361,,,,
93855,,,,
2871,,,,
1547,,,,
4991,,,,
88272,,,,
26861,,,,
72554,,,,
74624,,,,
7636,,,,
107780,,,,
7455,,,,
3723,,,,
936,,,,
3344,,,,
6006,,,,
72395,,,,
1863,,,,
157699,,,,
129428,,,,
7573,,,,
3909,,,,
27426,,,,
5256,,,,
4688,,,,
78574,,,,
60832,,,,
2856,,,,
8119,,,,
2109,,,,
5820,,,,
3727,,,,
36537,,,,
133782,,,,
71838,,,,
948,,,,
86298,,,,
85022,,,,
474,,,,
88932,,,,
1085,,,,
5607,,,,
130578,,,,
106785,,,,
479,,,,
59421,,,,
137337,,,,
2766,,,,
136540,,,,
4585,,,,
27879,,,,
5884,,,,
6422,,,,
90469,,,,
1385,,,,
5500,,,,
97225,,,,
30707,,,,
3676,,,,
7899,,,,
5644,,,,
61262,,,,
2268,,,,
48214,,,,
33138,,,,
114713,,,,
3797,,,,
6869,,,,
3323,,,,
63992,,,,
79590,,,,
57421,,,,
33154,,,,
6573,,,,
80586,,,,
53022,,,,
55872,,,,
2851,,,,
8427,,,,
74324,,,,
4792,,,,
6196,,,,
4234,,,,
101529,,,,
711,,,,
5802,,,,
80124,,,,
5059,,,,
8581,,,,
92348,,,,
595,,,,
1405,,,,
151501,,,,
1513,,,,
3795,,,,
34334,,,,
106873,,,,
136305,,,,
8382,,,,
106916,,,,
6592,,,,
60737,,,,
96815,,,,
66171,,,,
5957,,,,
68600,,,,
149380,,,,
1170,,,,
8815,,,,
8528,,,,
5,,,,
4085,,,,
27762,,,,
4203,,,,
3325,,,,
5418,,,,
7114,,,,
83796,,,,
52319,,,,
47997,,,,
704,,,,
5265,,,,
5963,,,,
1124,,,,
33815,,,,
161594,,,,
55830,,,,
37545,,,,
148632,,,,
102800,,,,
56915,,,,
3142,,,,
96917,,,,
3955,,,,
27193,,,,
66310,,,,
125974,,,,
2448,,,,
36533,,,,
634,,,,
31737,,,,
26903,,,,
72733,,,,
78116,,,,
85401,,,,
100304,,,,
1929,,,,
183,,,,
92391,,,,
5672,,,,
81564,,,,
2518,,,,
26002,,,,
695,,,,
58554,,,,
32600,,,,
2416,,,,
107314,,,,
42559,,,,
3987,,,,
1281,,,,
223,,,,
160563,,,,
8016,,,,
917,,,,
761,,,,
343,,,,
4654,,,,
1377,,,,
4697,,,,
1389,,,,
2930,,,,
78041,,,,
103502,,,,
89190,,,,
6938,,,,
89343,,,,
96975,,,,
26947,,,,
147384,,,,
68522,,,,
33437,,,,
128097,,,,
4681,,,,
2278,,,,
63393,,,,
4700,,,,
98633,,,,
147374,,,,
38038,,,,
5621,,,,
7364,,,,
6645,,,,
65261,,,,
27788,,,,
108715,,,,
1257,,,,
6549,,,,
7614,,,,
3969,,,,
2925,,,,
3423,,,,
111913,,,,
6060,,,,
26614,,,,
2201,,,,
45175,,,,
48001,,,,
6660,,,,
1517,,,,
2992,,,,
4267,,,,
79897,,,,
71640,,,,
4175,,,,
6754,,,,
25865,,,,
2728,,,,
151687,,,,
130978,,,,
302,,,,
55854,,,,
101076,,,,
102278,,,,
2402,,,,
3163,,,,
58295,,,,
31101,,,,
2598,,,,
3901,,,,
107951,,,,
54771,,,,
70492,,,,
6251,,,,
160684,,,,
130450,,,,
47894,,,,
71147,,,,
231,,,,
91660,,,,
3930,,,,
6440,,,,
236,,,,
4798,,,,
7396,,,,
31658,,,,
2295,,,,
8375,,,,
8609,,,,
54256,,,,
32620,,,,
102684,,,,
1125,,,,
7059,,,,
916,,,,
5096,,,,
2182,,,,
74795,,,,
85342,,,,
1721,,,,
55267,,,,
2463,,,,
8574,,,,
5250,,,,
4471,,,,
2020,,,,
96945,,,,
869,,,,
5221,,,,
6514,,,,
26578,,,,
26782,,,,
134859,,,,
84523,,,,
32799,,,,
60128,,,,
79677,,,,
26875,,,,
2236,,,,
3614,,,,
33779,,,,
4246,,,,
57504,,,,
1376,,,,
6920,,,,
4383,,,,
2259,,,,
63312,,,,
50003,,,,
86014,,,,
2355,,,,
38164,,,,
8147,,,,
128099,,,,
80166,,,,
93838,,,,
68886,,,,
90430,,,,
36397,,,,
8228,,,,
240,,,,
65135,,,,
142222,,,,
64114,,,,
583,,,,
79428,,,,
1340,,,,
5389,,,,
100714,,,,
102217,,,,
139655,,,,
3267,,,,
73023,,,,
4167,,,,
109941,,,,
47640,,,,
4159,,,,
44864,,,,
4877,,,,
450,,,,
27134,,,,
8632,,,,
3616,,,,
2699,,,,
26152,,,,
97306,,,,
2741,,,,
122888,,,,
116817,,,,
48780,,,,
7262,,,,
7320,,,,
157110,,,,
114795,,,,
95309,,,,
62383,,,,
94931,,,,
51834,,,,
94130,,,,
1327,,,,
87483,,,,
1297,,,,
6281,,,,
27689,,,,
62718,,,,
96829,,,,
5397,,,,
1332,,,,
4126,,,,
85354,,,,
5548,,,,
2124,,,,
4239,,,,
103980,,,,
1017,,,,
70521,,,,
46337,,,,
69069,,,,
3497,,,,
111659,,,,
129779,,,,
132157,,,,
5464,,,,
4867,,,,
2060,,,,
1682,,,,
90717,,,,
6959,,,,
4021,,,,
3672,,,,
222,,,,
148675,,,,
3685,,,,
93610,,,,
3424,,,,
157296,,,,
50794,,,,
4605,,,,
1581,,,,
51167,,,,
8809,,,,
3246,,,,
65585,,,,
1011,,,,
107406,,,,
26796,,,,
6538,,,,
533,,,,
47382,,,,
30749,,,,
1131,,,,
74683,,,,
